{
    "satellite": {
        "file"              : "conf/etri_testbed/satellite_231024.png",
        "meter_per_pixel"   : 0.10377866398563076,
        "origin_pixel"      : [725.8459218646246, 1190.047565348038],
        "origin_lonlat"     : [127.3656466, 36.37980921],
        "planes"            :
        [
            [0, 0, 1, 0],
            [-0.009686, -0.0098448, 0.9999, 0.33157],
            [-0.10445, 0.00044756, 0.99453, 4.8329]
        ],
        "roads":
        [
            [486.1, 96.9, 530.0, 99.0, 567.6, 95.3, 601.5, 103.0, 635.3, 109.2, 661.0, 117.0, 681.5, 141.5, 698.4, 200.0, 700.0, 274.0, 698.0, 373.0, 692.3, 632.3, 695.0, 665.0, 693.0, 812.0, 695.3, 872.3, 698.4, 916.9, 713.8, 944.6, 740.0, 967.6, 772.3, 976.9, 809.2, 980.0, 856.9, 980.0, 916.9, 980.0, 995.3, 980.0, 1086.1, 978.4, 1146.1, 978.4, 1221.5, 973.8, 1281.5, 970.7],
            [874.0, 109.0, 800.0, 109.2, 742.0, 110.0, 718.4, 126.1, 709.2, 152.3, 696.9, 176.9, 695.3, 193.8, 700.0, 244.0, 698.4, 320.0, 700.0, 377.0, 698.0, 429.0, 695.3, 478.4, 695.0, 571.0, 695.0, 706.0, 695.3, 750.7, 698.0, 820.0],
            [914.0, 974.0, 840.0, 973.8, 775.0, 977.0, 736.0, 998.0, 703.0, 1024.0, 692.3, 1063.0, 687.6, 1104.6, 688.0, 1163.0, 689.2, 1235.3, 687.6, 1286.1, 689.2, 1327.6, 707.6, 1375.3, 730.7, 1392.3, 776.9, 1412.3, 827.0, 1410.0, 927.0, 1408.0, 881.5, 1407.6, 963.0, 1407.6, 1035.3, 1410.7, 1126.1, 1410.7, 1183.0, 1410.7],
            [703.0, 1452.3, 696.9, 1469.2, 706.1, 1441.5, 713.0, 1429.0, 750.7, 1403.0, 792.3, 1401.5, 849.2, 1401.5]
        ]
    },
    "cameras": [
        {
            "name"          : "camera01",
            "focal"         : [1323.2446610940585, 1323.2446610940585],
            "center"        : [959.5, 539.5],
            "distort"       : [-0.4021467856732952, 0.0, 0.0, 0.0],
            "rvec"          : [0.9321458651445412, 2.098539696225849, -1.5015977423828488],
            "tvec"          : [-78.99459345211223, -21.199300506917282, 87.18832455007515],
            "cylinder_file" : "conf/etri_testbed/camera01_cylinder.pickle",
            "cuboid_file"   : "conf/etri_testbed/camera01_cuboid.pickle",
            "config"        : {}
        },
        {
            "name"          : "camera02",
            "focal"         : [1243.4473528716399, 1243.4473528716399],
            "center"        : [639.5, 479.5],
            "distort"       : [-0.3337712485949712, 0.0, 0.0, 0.0],
            "rvec"          : [0.2752501396936487, -2.320882424841698, 1.7049623859901577],
            "tvec"          : [21.438622375280502, -24.208940918034624, 89.69680345256033],
            "cylinder_file" : "conf/etri_testbed/camera02_cylinder.pickle",
            "cuboid_file"   : "conf/etri_testbed/camera02_cuboid.pickle",
            "config"        : {}
        },
        {
            "name"          : "camera03",
            "focal"         : [1380.0545386613906, 1243.4473528716399],
            "center"        : [639.5, 479.5],
            "distort"       : [-0.34847513408969305, 0.0, 0.0, 0.0],
            "rvec"          : [0.4710921208952141, 2.4112024226940854, -1.6191756845021525],
            "tvec"          : [-18.48688301724264, -16.62711316411204, 53.26897856677263],
            "cylinder_file" : "conf/etri_testbed/camera03_cylinder.pickle",
            "cuboid_file"   : "conf/etri_testbed/camera03_cuboid.pickle",
            "config"        : {}
        },
        {
            "name"          : "camera04",
            "focal"         : [1096.5373289696195, 1098.8949696040663],
            "center"        : [967.1973480735091, 553.5947382745143],
            "distort"       : [-0.32895262915344975, 0.07431375009394157, 0.00229937730428126, 0.000639401514756703],
            "rvec"          : [1.207168777669877, 1.601889094634515, -1.1368946134865376],
            "tvec"          : [-15.050186868247263, -12.103578300500715, 58.89197725365238],
            "cylinder_file" : "conf/etri_testbed/camera04_cylinder.pickle",
            "cuboid_file"   : "conf/etri_testbed/camera04_cuboid.pickle",
            "config"        : {}
        },
        {
            "name"          : "camera05",
            "focal"         : [1400.5838371059926, 1401.3547686948536],
            "center"        : [957.2372430289909, 524.7637123973072],
            "distort"       : [-0.4556199544914749, 0.155565974621896, 0.0020372599440490616, 0.0018087785480455389],
            "rvec"          : [1.0807033757085225, 1.8193177563732401, -1.164650859423787],
            "tvec"          : [-16.385615189079402, -8.105174228386915, 32.55197355932479],
            "cylinder_file" : "conf/etri_testbed/camera05_cylinder.pickle",
            "cuboid_file"   : "conf/etri_testbed/camera05_cuboid.pickle",
            "config"        : {}
        },
        {
            "name"          : "camera06",
            "focal"         : [1397.2930589482535, 1399.9229450571133],
            "center"        : [957.6112177210567, 520.190811651085],
            "distort"       : [-0.4540384976806581, 0.15467637597938824, 0.002621563567281773, 0.001762699748126602],
            "rvec"          : [1.8884349208516196, -0.8340098437018638, 0.5207639165068486],
            "tvec"          : [-13.793957530339629, -6.860306955011149, 27.62559192409029],
            "cylinder_file" : "conf/etri_testbed/camera06_cylinder.pickle",
            "cuboid_file"   : "conf/etri_testbed/camera06_cuboid.pickle",
            "config"        : {}
        },
        {
            "name"          : "camera07",
            "focal"         : [2045.0005264682961, 2045.0005264682961],
            "center"        : [639.5, 479.5],
            "distort"       : [-0.2679643091586041, 0.0, 0.0, 0.0],
            "rvec"          : [1.198800177487009, -1.6255720271637433, 1.195468494485194],
            "tvec"          : [94.61282828698072, -25.992385564093393, 96.36685422927154],
            "cylinder_file" : "conf/etri_testbed/camera07_cylinder.pickle",
            "cuboid_file"   : "conf/etri_testbed/camera07_cuboid.pickle",
            "config"        : {}
        },
        {
            "name"          : "camera10",
            "focal"         : [11118.077452111867, 11118.077452111867],
            "center"        : [959.5, 539.5],
            "distort"       : [-4.432018841020206, 0.0, 0.0, 0.0],
            "rvec"          : [0.7251264088631076, -1.8415569403733478, 1.1109996335533308],
            "tvec"          : [62.17340788192659, -32.04521348577501, 123.22214187147087],
            "cylinder_file" : "conf/etri_testbed/camera10_cylinder.pickle",
            "cuboid_file"   : "conf/etri_testbed/camera10_cuboid.pickle",
            "config"        : {}
        }
    ],
    "config": {
        "detector_name"     : "YOLOv5",
        "detector_option"   : {},
        "tracker_name"      : "DeepSORT",
        "tracker_option"    : {"max_age": 30},
        "filter_min_conf"   : 0.7,
        "multicam_name"     : "Simple",
        "multicam_option"   : {"max_age": 2, "near_radius": 6, "update_rate": 0.2},
        "zoom_level"        : 0.65
    }
}
